Longitude,Latitude,osm_id,source,capacitype,operatorty,building,amenity,addrcity,addrfull,name
44.5205564,40.1862696,370158730,,,,,school,,,Ա. Պուշկինի անվան թիվ 8 դպրոց
44.5240707,40.1928596,939280396,,,,,kindergarten,,,ՀՊՃՀ մանկապարտեզ
44.5222165,40.1909398,939307005,,,,,university,,,
44.7153661,39.9106198,960149832,,,,,school,Վեդի,,Խաչիկ Սողոմոնյանի անվան թիվ 2
44.4886099,40.1363892,1176902332,,,,,school,,,Թիվ 97 Դպրոց
44.7335679,41.2443989,1179610926,JumpStart International,,,,school,,,ცოფის საჯარო სკოლა
44.7217858,41.231319,1179611033,JumpStart International,,,,school,,,გულსაბავშვო ბაღის საჯარო სკოლა
44.6944124,41.2286797,1179611435,JumpStart International,,,,school,,,ხოჯორნის საჯარო სკოლა
44.8350143,41.2190675,1179611468,JumpStart International,,,,school,,,ბარმას საჯარო სკოლა
44.8420221,41.2999985,1179611975,JumpStart International,,,,school,,,ბეიტარაფჭის საჯარო სკოლა (Beitarapchi Public School)
44.7678904,41.2309539,1179613856,JumpStart International,,,,school,,,
44.1419064,41.2058432,1179614072,JumpStart International,,,,school,,,ირგანჩაის საჯარო სკოლა
44.8549701,41.2219003,1179614075,JumpStart International,,,,school,,,ტაზაკენდის საჯარო სკოლა
44.7990463,41.2448335,1179614124,JumpStart International,,,,school,,,სადახლოს 1-ი საჯარო სკოლა
44.7876073,41.2388494,1179614653,JumpStart International,,,,school,,,სადახლოს მე-2 საჯარო სკოლა
44.7959508,41.281998,1179615218,JumpStart International,,,,school,,,კიროვკას დაწყებითი სკოლა
44.3196297,41.2166021,1179616979,JumpStart International,,,,school,,,გუგუტის საჯარო სკოლა
44.7308556,39.9074956,1240243557,,,,,kindergarten,,,
46.024625,39.5244644,1328289042,,,,,school,,,school N3
46.0341351,39.5242306,1328463451,,,,,school,,,school N1
46.0345857,39.5270939,1328463457,,,,,school,,,
46.0221537,39.5189277,1328501102,,,,,school,,,
46.0225708,39.5160423,1328501107,,,,,school,,,school N2
46.0266223,39.5161364,1328501121,,,,,college,,,
43.8472968,40.7967534,1430339073,,,,,school,Գյումրի,,ՎԱՀԱՆ ԹԵՔԵՅԱՆԻ ԱՆՎԱՆ ԳՅՈՒՄՐՈՒ ԹԻՎ 2 ԱՎԱԳ ԴՊՐՈՑ
44.511933,40.161071,1432874056,,,,,school,,,Վահան Տերյանի անվան թիվ 60 դպրոց
44.5125645,40.1853645,1444510838,,,,,school,,,Շահումյանի անվան թիվ 1 դպրոց
44.5224072,40.1540402,1446278922,,,,,school,,,№17 ՀԻՄՆԱԿԱՆ ԴՊՐՈՑ ՎՐԵԺ ՀԱՄԲԱՐՁՈՒՄՅԱՆԻ ԱՆՎԱՆ
44.5289031,40.1805474,1456826027,,,,,school,,,Ջ. Կիրակոսյանի անվան թիվ 20 հիմնական դպրոց
44.4619609,40.1858426,1459218462,,,,,school,,,Դանիել Վարուժանի անվան թիվ 89 դպրոց
44.5415476,40.1417683,1487489084,,,,,school,Վարդաշեն,,ԵՐԵՎԱՆԻ ԹԻՎ 64 ՀԻՄՆԱԿԱՆ ԴՊՐՈՑ
44.5003887,40.1927932,1537975958,,,,,school,,,ԱՐԳԵՆՏԻՆՅԱՆ ՀԱՆՐԱՊԵՏՈՒԹՅՈՒՆ» ԵՐԵՎԱՆԻ №76 ՀԻՄՆԱԿԱՆ ԴՊՐՈՑ
44.4847144,40.1557967,1538314690,,,,,kindergarten,Երևան,,
43.9624912,40.6203275,1580688777,,,,,school,,,Թիվ 3 դպրոց
44.7245775,39.913839,1626577439,,,,,school,,,գեղարվեստի դպրոց
45.4578187,39.6938878,1631202247,,,,,school,,,Վայքի թիվ 1 դպրոց
45.4566063,39.6935658,1631226357,,,,,kindergarten,,,Kindergarten
46.0233247,39.5235711,1632503620,,,,,school,,,Երաժշտական դպրոց
46.0229171,39.523869,1632503623,,,,,school,,,Շախմատի դպրոց
46.0229026,39.524371,1639411777,,,,,school,,,"Fine Arts, named after Z.A. Khachatryan"
46.0213879,39.5192122,1639411879,,,,,school,,,Sisian Youth sport school
44.4919252,40.2040024,1640342014,,,,,school,,,Դպրոց 145
46.0176095,39.5195333,1654912910,,,,,kindergarten,,,Kindergarten N4
46.037465,39.5198927,1654939134,,,,,kindergarten,,,Kindergarten N2
46.0205778,39.517327,1654949732,,,,,kindergarten,,,Kindergarten N3
46.016775,39.5217988,1656300591,,,,,school,,,School N5
44.472456,40.1501081,1742689260,,,,,school,,,Դ. Դեմիրճյանի անվ. թիվ 27 դպրոց
44.4652301,40.1453778,1742696429,,,,,school,Երևան,,Մ. Գորգիսյանի անվ. N158 դպրոց
43.9705764,40.6146379,1815104707,,,,,school,,,Թիվ 2 hիմնական դպրոց
44.4911548,40.8080966,1827175016,,,,,school,,,School No 1 AFT Vazgen Arajin
44.4890713,40.8037817,1827175550,,,,,school,,,ԹԻՎ 22 ԴՊՐՈՑ ՍՏԵՓԱՆ ԶՈՐՅԱՆԻ ԱՆՎԱՆ
44.4729655,40.2072407,1859791313,,,,,school,Երևան,,School No. 109
44.473813,40.2076053,1859791318,,,,,school,Երևան,,School No. 138
44.1374336,40.6376319,1876314161,,,,,school,,,Հնաբերդի դպրոց
44.595986,40.1872604,1885381338,,,,,kindergarten,,,Մանկապարտեզ թիվ 10
44.5957526,40.1858486,1885381357,,,,,school,Երևան,,Նորայր Շահվերդյանի անվ. N187 դպրոց
44.6815595,39.8957057,1904439808,,,,,school,,,Վանաշենի դպրոց
43.8393053,40.7836123,1915487216,,,,,school,,,Թիվ 6 դպրոց
45.1468033,39.7654194,1918893506,,,,,school,,,
45.0388541,39.8187377,1962412363,,,,,kindergarten,,,
45.0383675,39.8195817,1962412485,,,,,school,,,
44.4745709,40.8133195,1976801790,,,,,school,,,Chess School
44.5655415,40.1863482,1977002572,,,,,kindergarten,,,Մանկապարտեզ 3
44.5273742,40.18994,1978951460,,,,,university,,,
43.8607137,40.3437832,1981677126,,,,,school,,,
44.6245983,41.0926941,2016696036,,,,,school,,,Ակոռիի դպրոց
45.1450255,41.0342216,2026714191,,,,,school,,,Սարիգյուղի դպրոց
45.1549695,40.9897989,2028390442,,,,,school,,,Աչաջուրի դպրոց
46.3582275,39.4795046,2135450237,,,,,school,,,
44.5351615,40.1600347,2234097865,,,,,school,,,Դպրոց թիվ 167
44.5262502,40.1634453,2234097866,,,,,school,,,School no 47
44.5279909,40.1581094,2234097870,,,,,school,Երևան,,School no 70
45.641785,40.0996183,2235680141,,,,,school,,,Akhpradzor school
44.4696943,40.2070821,2240040879,,,,,kindergarten,Երևան,,Kindergarden No. 35
44.4714296,40.2052151,2240040882,,,,,kindergarten,Երևան,,Kindergarten No. 39
44.474301,40.2029357,2240040888,,,,,kindergarten,,,Kindergarten No 225
44.4788325,40.2045047,2240040896,,,,,school,,,Թիվ 100 Դպրոց
44.4646386,40.2034711,2240040901,,,,,school,Երևան,,Թիվ 156 Դպրոց
44.4777063,40.1496943,2240175987,,,,,kindergarten,,,Թիվ 146 Մանկապարտեզ
46.3297075,39.5213311,2245334259,,,,,kindergarten,,,Kindergarden no 6
46.3290234,39.5215706,2245334273,,,,,school,,,Youry Bakhshinyan school no 3
44.5229588,40.3539209,2256019360,,,,,school,,,Zoravan School
44.6935889,40.2078921,2261145178,,,,,school,,,
44.7289088,40.2336407,2261145778,,,,,school,,,Գեղաշենի Միջնակարգ դպրոց
44.4838423,40.8121509,2265581177,,,,,school,,,Հ. Թումանյանի անվ. N 3 դպր.
44.3540844,40.5917911,2266660855,,,,,school,,,
44.5622774,40.2017647,2267656946,,,,,kindergarten,,,Kindergarden No 251
44.5672574,40.2104312,2268258128,,,,,school,,,Երևանի թիվ 87 միջնակարգ դպրոց
44.5693461,40.2093633,2268258132,,,,,school,,,Երևանի թիվ 96 դպրոց
44.5062495,40.1824663,2269341279,,,,,university,,,Երևանի թատրոնի և կինոյի պետական ինստիտուտ
44.5052944,40.183538,2269341355,,,,,school,,,
44.5297124,40.1452491,2275103668,,,,,school,,,
44.5211727,40.210733,2278431339,,,,,school,,,
44.5025047,40.1779797,2278925787,,,,,school,,,24
44.5039276,40.1799518,2278925788,,,,,school,Երևան,,Տարաս Շևչենկոյի անվան թիվ 42 ավագ դպրոց
44.5090574,40.1796305,2278925789,,,,,school,,,Թիվ 67 Դպրոց Չարենցի անվան
44.4641238,40.1668675,2279163081,,,,,school,,,
44.5349029,40.2206879,2281101901,,,,,kindergarten,,,
44.5299426,40.2026678,2283528747,,,,,university,Երևան,,Եվրոպական կրթական տարածաշրջանային ակադեմիա
44.6815406,40.1082353,2283826888,,,,,kindergarten,,,
44.6815245,40.1080466,2283826895,,,,,school,,,Garni Banavan's elementary school
44.5404261,40.186096,2300185536,,,,,kindergarten,,,School No 53
44.5439573,40.1837072,2300185672,,,,,school,,,№26 Միջնակարգ դպրոց
44.5402703,40.1800606,2300185673,,,,,school,,,ԵՐԵՎԱՆԻ №61 ՀԻՄՆԱԿԱՆ ԴՊՐՈՑ ԳԵՎՈՐԳ ԱԹԱՐԲԵԿՅԱՆԻ ԱՆՎԱՆ
44.5398837,40.2002617,2300206083,,,,,school,,,Սարյանի անվան արվեստի դպրոց
44.5204264,40.1508049,2315582703,,,,,school,,,Տիգրան Չախաջյանի անվան երաժշտական դպրոց
44.5265822,40.1397186,2315582704,,,,,school,,,45
44.5296556,40.2065087,2318167567,,,,,school,,,ԵՊԲՀ «Հերացի» ավագ դպրոց
44.5293287,40.2029508,2318194683,,,,,university,Երևան,,Հայաստանում Ֆրանսիական համալսարան
44.5029476,40.1998897,2318434014,,,,,school,,,Մուշեղ Գալշոյանի անվան թիվ 148 ավագ դպրոց
44.5061483,40.2350752,2320192294,zovuni school,,,,school,,,Զովունու դպրոց
44.5050861,40.2351981,2320192295,,,,,kindergarten,,,Զովունու մանկապարտեզ
44.5032898,40.1759763,2325089855,,,,,kindergarten,,,Թիվ 4 Մանկապարտեզ
44.4947385,40.2244598,2336756698,,,,,school,Երևան,,School No.192
44.5429361,40.2023345,2338127107,,,,,school,,,Թիվ 158 Մանկապարտեզ
44.547042,40.2017349,2338576322,,,,,school,,,Դպրոց թիվ 125
44.5487001,40.2060069,2338877973,,,,,school,,,Հրանտ Դինքի անվան թիվ 44 դպրոց
44.5410286,40.2195863,2338889795,,,,,school,,,Music school
44.5095691,40.159984,2342432606,,,,,school,,,Mashtots private school
44.5171311,40.1740207,2342499794,,,,,school,,,Երևանի թիվ 3 ավագ դպրոց Մանուկ Աբեղյանի անվան
44.5125035,40.1678026,2365359033,,,,,school,,,թիվ 53 հիմնական դպրոց
44.4727478,40.0878305,2420207024,,,,,kindergarten,,,
44.5104231,40.1615884,2421493634,,,,,school,,,Ստեփան Լիսիցյանի անվան թ․34 դպրոց
44.57989,40.2134312,2427294346,,,,,university,,,Mekhitarist Monastery
44.5192131,40.1683824,2452459784,,,,,school,,,Nar-Dos school
43.8684095,40.5808286,2452496600,,,,,school,,,
43.9693893,40.6152658,2457860349,,,,,kindergarten,,,Արթիկի թիվ 1 մանկապարտեզ
43.9786024,40.6266144,2465663167,,,,,school,,,Արթիկի թիվ 6 հիմնական դպրոց
43.9359875,40.5653358,2465663199,,,,,school,,,Լեռնակերտի դպրոց
45.2673408,39.7405347,2467930435,,,,,school,,,
43.8456444,40.765488,2504847507,,,,,school,,,Sambo Judo Sports School
43.8465268,40.7659003,2504847688,,,,,school,,,High School No. 45
43.8246325,40.7967742,2504873960,,,,,college,,,Gyumri State College of Olympic Sport Shift
43.8342424,40.822704,2504895814,,,,,school,,,Little Prince Social Centre for Children
43.824526,40.8306197,2504904142,,,,,school,,,
44.4639212,40.0966311,2508434800,,,,,kindergarten,,,
44.636523,40.2649064,2513355943,,,,,kindergarten,,,Թիվ 4 Մանկապարտեզ
44.637562,40.265619,2513360872,,,,,school,,,Արթուր Վանոյանի անվան Աբովյանի թիվ 6 ավագ դպրոց
44.6312399,40.2651503,2513369973,,,,,kindergarten,,,
44.6244647,40.2699926,2513371664,,,,,school,Աբովյան,,Խաչատուր Աբովյանի անվան №1 ավագ դպրոց
44.6234615,40.2754198,2513377776,,,,,kindergarten,,,
44.6288762,40.2733116,2513385392,,,,,school,,,Թիվ 5 Դպրոց
44.6312293,40.2720576,2513386351,,,,,kindergarten,,,Թիվ 3 Մանկապարտեզ
44.639982,40.2814904,2523262248,,,,,kindergarten,,,
44.6391934,40.2791454,2523263215,,,,,kindergarten,,,№9 Մանկապարտեզ
44.8133474,40.5702498,2538222512,,,,,school,,,Դդմաշենի Միջնակարգ Դպրոց
44.4861544,40.150264,2592433397,,,,,school,Երևան,,Քվանտ վարժարան
44.4847879,40.1444062,2592433398,,,,,school,,,Թիվ 110 Դպրոց
44.4849219,40.1427894,2592433399,,,,,school,,,Գրիգոր Նարեկացու անվան թիվ 137 հիմնական դպրոց
44.48378,40.1433897,2592433400,,,,,kindergarten,,,Թիվ 139 Մանկապարտեզ
43.9727941,40.6196609,2594078299,,,,,school,,,Թիվ 4 հիմնական դպրոց
44.5735826,40.1901737,2657692842,,,,,kindergarten,,,Մանկապարտեզ թիվ 109
44.5283242,40.1303465,2771948931,,,,,school,,,Միքաել Մալունցյանի անվան գեղարվեստական դպրոց
44.528379,40.1305983,2771948934,,,,,school,,,Թիվ 160 դպրոց
44.5251532,40.1275988,2771948940,,,,,kindergarten,,,Թիվ 72 Մանկապարտեզ
44.4349076,40.2123791,2772000716,,,,,school,,,108 դպրոց
44.4957188,40.1976492,2917463561,,,,,kindergarten,,,
44.9963046,41.1708876,2933448828,,,,,school,,,
45.0615476,41.0644454,2933454078,,,,,school,,,
45.3545706,40.592396,2933483630,,,,,kindergarten,,,
45.3535347,40.5951551,2933483634,,,,,kindergarten,,,
45.3566934,40.5972997,2933483639,,,,,school,,,
45.3501662,40.6017401,2933483641,,,,,school,,,
45.3558164,40.6023998,2933483642,,,,,school,,,
46.3452838,39.5176163,2933532207,,,,,university,Գորիս,,Գորիսի պետական համալսարան
46.3444311,39.517824,2933532208,,,,,school,,,
46.3436753,39.518132,2933532211,,,,,school,,,School Number 5
46.3444026,39.519122,2933532214,,,,,kindergarten,,,
44.6391501,40.400567,2933846043,,,,,kindergarten,,,
44.6428793,40.4007044,2933846052,,,,,school,,,ԹԻՎ 5 ԴՊՐՈՑ ԵՂԻՇԵ ՉԱՐԵՆՑԻ ԱՆՎԱՆ
44.6384688,40.4015389,2933846320,,,,,school,,,
44.6445486,40.4022826,2933846400,,,,,kindergarten,,,
44.6485906,40.4069684,2933847235,,,,,school,,,ԹԻՎ 4 ԴՊՐՈՑ ՍՏԵՓԱՆ ԱՎԱՆՅԱՆԻ ԱՆՎԱՆ
44.6477253,40.4536529,2933847409,,,,,school,,,
44.6351931,40.3957975,2933879808,,,,,school,,,Չարենցավանի Թիվ 6 Հիմնական Դպրոց
44.6381463,40.3982132,2933880139,,,,,kindergarten,,,
44.6389218,40.3985602,2933880174,,,,,kindergarten,,,
44.6402499,40.399077,2933880198,,,,,school,,,Չարենցավանի Թիվ 2 Հիմնական Դպրոց
44.652257,40.9652478,2934828051,,,,,school,,,
45.1578176,40.8773575,2937992378,,,,,kindergarten,,,
45.1570785,40.8796077,2937992561,,,,,school,,,
45.1461117,40.873862,2938050818,,,,,school,,,
45.1454364,40.8755869,2938050822,,,,,kindergarten,,,
45.1448531,40.87722,2938050826,,,,,school,,,
45.1485591,40.879036,2938050848,,,,,school,,,
45.146082,40.8841293,2938050873,,,,,school,,,
45.1579961,40.8483172,2938097185,,,,,school,,,
44.0514694,40.1474029,2962210879,,,,,school,,,ԹԻՎ 10 ԴՊՐՈՑ
44.052684,40.1474666,2962210882,,,,,kindergarten,,,
44.6467027,40.966289,2968511726,,,,,school,,,
44.6319326,40.4187547,2984584985,,,,,school,,,alaparsi himnakan dproc
44.7136055,40.4665909,2984585626,,,,,school,,,
44.7394824,40.4749682,2984585647,,,,,school,,,
44.7500484,40.5014586,2984585770,,,,,school,,,Թիվ 2 դպրոց
44.4761279,40.196725,2992091266,,,,,school,Երևան,,School No. 126
44.4658661,40.2075287,2993704763,,,,,school,Երևան,,Դպրոց թիվ 168
45.138027,40.3512764,3025629864,,,,,school,,,
45.1310431,40.3597695,3025630033,,,,,school,,,Թիվ 1 դպրոց
44.5762978,40.2171965,3111033178,,,,,school,,,Երևանի միջնակարգ դպրոց թիվ 171
44.5739409,40.218939,3111033202,,,,,school,,,Երևանի  թիվ 170 ավագ դպրոց
45.4037522,39.7442416,3279959783,,,,,school,,,
44.1593315,40.2966932,3413156636,,,,,school,,,Школа
44.1602513,40.2961161,3413156637,,,,,school,,,Школа
43.9518362,40.3779044,3457265173,,,,school,,,,
43.9525536,40.378145,3457338901,,,,school,,,,
45.4354394,40.1313861,3552109038,,,,,school,,,
44.4941987,40.8042872,3707785629,,,,,school,,,Թիվ 2 դպրոց
44.7711117,41.1499752,3708870265,,,,,school,,,
44.392112,41.0088102,3787365683,,,,,school,,,Ստեփանավանի թիվ 1 հիմնական դպրոց
44.391361,41.009146,3787365684,,,,,school,,,Ստեփանավանի թիվ 1 վարժարան
44.3631035,40.3003584,3802200626,,,,,kindergarten,,,Հասմիկ
44.3573256,40.295014,3803292475,,,,,kindergarten,,,Մանկապարտեզ
44.4775005,40.1903933,3824398922,,,,,kindergarten,,,Մանկապարտեզ  թիվ 38
44.7720929,40.5467049,3829568587,,,,,kindergarten,,,
44.7601463,40.5511397,3829568645,,,,,kindergarten,,,
44.7613023,40.5518566,3829568652,,,,,school,,,Դպրոց Համար 9
44.356159,40.2916356,3833872249,,,,school,,,,Ղափանցյան
44.3633548,40.2997121,3833895657,,,,,school,,,Սպորտ դպրոց
44.2175104,40.6400802,3899403749,,,,,school,,,Ծաղկահովիտի Ավ. Իսահակյանի անվ. միջնակարգ դպրոց
44.5633707,40.1767402,3967039686,,,,,kindergarten,Երևան,,ՇՈՂ ցերեկային կենտրոն
44.4892651,40.1519876,4069865751,,,,,school,,,Երևանի թիվ 12 հիմնական դպրոց Վիկտոր Համբարձումյանի անվան
44.4682134,40.1485866,4070081768,,,,,kindergarten,,,Մանկապարտեզ թիվ 64
44.4771841,40.1541184,4070081769,,,,,kindergarten,,,Kindergarden N75
44.4795129,40.1534454,4070081770,,,,,school,,,Music School Aft. Armen Tigranyan
44.4979022,40.1514657,4075271115,,,,,college,,,Culinary College
44.491566,40.1452813,4075271125,,,,,school,,,№ 86 Մարտիրոս Սարյանի Անվան Հիմնական Դպրոց
44.4985566,40.1444812,4078732326,,,,,college,,,INDUSTRIAL COLLEGE N11
44.4681974,40.1955476,4087143908,,,,,school,,,ԱՎԱԳ ԴՊՐՈՑ  ԹԻՎ 94 ԳՈՒՐԳԵՆ ՄԱՐԳԱՐՅԱՆԻ ԱՆՎԱՆ
44.447592,40.1712639,4087467730,,,,,kindergarten,,,Kindergarten №313
44.4476134,40.1702084,4087467731,,,,,kindergarten,,,Kindergarten №167
44.8915164,40.7534003,4087585490,,,,,kindergarten,,,հւյսի  կենտրոն
44.4882484,40.1547885,4088245232,,,,,school,,,School N46
44.4575041,40.1783523,4088908826,,,,,school,,,School N92 AFT Tekeyan
44.4558992,40.171335,4089778591,,,,,kindergarten,,,Մանկապարտեզ թիվ 2
44.4597012,40.1728413,4089886567,,,,,school,,,ԵՐԵՎԱՆԻ ԹԻՎ 90 ՀԻՄՆԱԿԱՆ ԴՊՐՈՑ ՎԱՀԱՆ ԶԱՏԻԿՅԱՆԻ ԱՆՎԱՆ
44.4663355,40.1692293,4090064096,,,,,school,,,Դպրոց թիվ 116
44.4554892,40.1711404,4090284238,,,,,school,,,School No 112 Aft. Shavarsh Simonyan
44.5166262,40.1997848,4090473460,,,,,school,Երևան,,Այբ տարրական դպրոց
44.4503154,40.1785216,4090627638,,,,,kindergarten,,,Kindergarten N290
44.2334792,40.2169773,4090997640,,,,,school,,,Mexak Mexakyani anv. mijnakarg dproc
44.4439902,40.1784839,4095955657,,,,,kindergarten,,,Kindergarten No 105
44.4428341,40.1782585,4095955658,,,,,kindergarten,,,Kindergarten No169
44.4449289,40.1793774,4095955659,,,,,kindergarten,,,Kindergarten No 277
44.4427121,40.1763208,4095955660,,,,,school,,,ԹԻՎ 174 ԴՊՐՈՑ Ս. Խանջյանի ԱՆՎԱՆ
44.4434953,40.1772758,4095955661,,,,,school,,,ԹԻՎ 176 ԴՊՐՈՑ ԳՈՒՐԳԵՆ ՄԱՀԱՐՈՒ ԱՆՎԱՆ
44.5987513,40.2448349,4114880409,,,,,school,,,General school of Getargel
44.3585709,40.5909023,4117249152,,,,,school,,,Старшая школа
44.8320442,40.7472735,4118658770,,,,,kindergarten,,,Դիլիջանի Մանկապարտեզ
44.8329542,40.7466111,4118658776,,,,,school,,,Այբ Դպրոց
44.4649794,40.141849,4120698389,,,,,school,Երևան,,ԵՐԵՎԱՆԻ ԹԻՎ 52 ՀԻՄՆԱԿԱՆ ԴՊՐՈՑ ՀՈՎՀԱՆՆԵՍ ՀՈՎՀԱՆՆԻՍՅԱՆԻ ԱՆՎԱՆ
44.5376233,40.2071129,4132473715,,,,,school,Երևան,,Լևոն Արիսյանի ավան 127 ավագ դպրոց
44.3717622,40.3108603,4138988189,,,,,school,,,ՄԵՍՐՈՊ ԱՐՔԵՊԻՍԿՈՊՈՍ ԱՇՃՅԱՆԻ ԱՆՎԱՆ ՄՈՒՂՆԻԻ ԴՊՐՈՑ
44.4683914,40.1692803,4142595263,,,,,kindergarten,,,Kindergarten N2 ANUSH
44.5054661,40.1917722,4147766543,,,,,school,,,SONA Educational Centre
44.5386198,40.2067988,4149718943,,,,,school,,,Բյուրակն կրթահամալիր
45.3365223,39.7617734,4175685396,,,,,school,,,1ին հիմն. Դպրոց
44.4542101,40.1667583,4176505910,,,,,school,,,Դպրոց թիվ 91
44.5188882,40.1745428,4182850052,,,,,school,,,MV Taxi
44.6518144,41.0992695,4191745997,,,,,kindergarten,,,
44.6439794,41.0967064,4191746393,,,,,kindergarten,,,
44.6464714,41.0996894,4191746396,,,,,school,,,Գեղարվեստի դպրոց
44.6461217,41.0994565,4191802893,,,,,school,,,Եվրոպական քոլեջ
44.6581896,41.0934077,4191802895,,,,,school,,,Ալավերդու № 12 Հիմնական Դպրոց
44.5114367,40.8043971,4192304191,,,,,school,,,Սպորտդպրոց
44.5126753,40.1847958,4201767189,,,,,school,Երևան,,London Eye ITC
44.5289582,40.2030412,4202229238,,,,,college,,,Հայաստանում Ֆրանսիական քոլեջ
45.1257242,40.3546472,4204957334,,,,,school,,,
45.1354282,40.3576415,4204957410,,,,,kindergarten,,,
45.1293866,40.3594428,4204957592,,,,,kindergarten,,,
45.126534,40.3552163,4204957798,,,,,school,,,
44.5081448,40.1847838,4211862091,,,,,kindergarten,Երևան,,"""Ծիր կաթին"" նախադպրոցական ուսումնական կենտրոն"
44.507137,40.1850408,4223398689,,,,,school,,,"""Արեգնազան"" կրթահամալիր (Վալդորֆյան դպրոց)"
44.6544991,41.0917085,4241915789,,,,,kindergarten,,,
44.4887773,40.1957507,4249994892,,,,,school,,,N63 Ղազարոս Աղայան
45.3945366,40.881553,4253098782,,,,,school,,,Avag dproc
44.6534311,40.6077428,4253413722,,,,,kindergarten,,,детский сад
44.6507433,40.6065109,4253445513,,,,,school,,,
44.5236056,40.2018789,4264065735,,,,,kindergarten,Երևան,,Lediisana
44.4983326,40.2037468,4269450597,,,,,school,,,Արեվելյան մարտարվեստների դպրոց
44.5709045,40.191226,4269624291,,,,,school,,,Թիվ 150 ՀԻՄՆԱԿԱՆ ԴՊՐՈՑ ՖՐԻՏՅՈՖ ՆԱՆՍԵՆԻ ԱՆՎԱՆ
43.7193892,40.8676531,4270485699,,,,,school,,,Byurakn School
44.3245017,40.1692835,4287133890,,,,,school,,,Էջմիածնի Զորավար Անդրանիկի անվան թիվ 12 միջնակարգ դպրոց
44.32397,40.1678921,4290292195,,,,,kindergarten,,,Ոստան մանկապարտեզ (#16)
44.3249999,40.1702729,4290378691,,,,,kindergarten,,,Ծիծեռնակ մանկապարտեզ (#15)
44.5572361,40.1879168,4292019189,,,,,school,,,School №163
44.5420311,39.9593191,4297611794,,,,,school,,,Արտաշատի թիվ 3 Միջնակարգ Դպրոց
44.4920463,40.1508328,4299040593,,,,,kindergarten,,,Oki doki
44.3022566,40.1669056,4302811689,,,,,school,,,Գրիգոր Նարեկացու անվան թիվ 2 դպրոց
44.7690089,40.4983955,4305372690,,,,,school,,,no 4 school
44.2841879,41.1171266,4314110493,,,,,school,,,sport scool
44.4767415,40.1514588,4315546894,,,,,school,Երևան,,Թիվ 31 դպրոց
44.2865552,41.1166043,4316040177,,,,,school,,,N 2
44.5121442,40.1645219,4318917589,,,,,kindergarten,,,Kindergarten
44.5182467,40.1676112,4338689353,,,,,kindergarten,,,Kids House
44.6880404,39.855866,4340098890,,,,,school,,,4-րդ միջնակարգ դպրոց
44.6879891,39.8569909,4344143092,,,,,school,,,Ավագ դպրոց
44.6300322,40.2689556,4358164889,,,,,school,,,Թիվ 2 Հիմնական Դպրոց
44.0664963,40.123151,4376044511,,,,,school,,,Երաժշտական դպրոց
44.0672516,40.1235583,4376075505,,,,,school,,,Մրգաշատի Թիվ 1 Դպրոց
44.2815076,40.1576206,4376853493,,,,,school,Վաղարշապատ,,Վահան Ռշտունու անվան 11-րդ դպրոց
44.5247429,40.1843016,4377805893,,,,,university,,,Հայաստանի պետական տնտեսագիտական համալսարան
44.5269813,40.2097305,4380246773,,,,,kindergarten,,,Grand Sun
44.5262303,40.2107956,4380257335,,,,,school,,,Թիվ 77 դպրոց
44.5230359,40.2092308,4380347703,,,,,school,,,Musical School Aft. Saradjyan
44.5154198,40.2045252,4386131291,,,,,school,,,Թիվ 51 Դպրոց Պետրոսյանի անվան
44.5737638,40.1879403,4391607490,,,,,school,,,Թիվ 141 Դպրոց
44.5752283,40.1897611,4391612690,,,,,school,,,Թիվ 142 Դպրոց
44.0302957,40.1598183,4393754196,,,,,school,,,Դպրոց N 8
44.0572424,40.1231287,4393773289,,,,,school,,,Մրգաշատի Թիվ 2 Դպրոց
44.5100327,40.2085352,4396686794,,,,,kindergarten,,,Մանկապարտեզ թիվ 23
44.0349807,40.1519866,4397053000,,,,,school,,,ԱՐՄԱՎԻՐԻ ԹԻՎ 5 ՀԻՄՆԱԿԱՆ ԴՊՐՈՑ ԱՆԴՐԱՆԻԿ ՕԶԱՆՅԱՆԻ ԱՆՎԱՆ
44.0287582,40.1513178,4397079189,,,,,school,,,Ռուբիկ Եղոյանի անվան N 1 ավագ դպրոց
43.8436201,40.7928064,4406832489,,,,,school,Գյումրի,,Դպրոց թիվ 7
46.3992222,39.2024746,4424199889,,,,,kindergarten,,,Kapan N7 NUH Kindengarten
44.3560942,40.2798114,4455068897,,,,,school,,,
45.3253791,39.8642041,4457911810,,,,school,,,,
46.3365917,39.5060387,4458860994,,,,,school,,,
44.4575427,40.2363156,4474658691,,,,,school,Քասախ,,N2 դպրոց
44.3622488,40.2881559,4476099489,,,,,kindergarten,,,Արեւիկ
44.5181863,40.1820603,4483456192,,,,,school,,,
44.5561483,40.1888954,4500810214,,,,,university,Երևան,,"""Հայկենսատեխնոլոգիա"" գիտաարտադրական կենտրոնի “Կենսատեխնոլոգիայի ինստիտուտ”"
44.5598168,40.1886574,4500827993,,,,,school,,,Շախմատի դպրոց
43.849076,40.8029491,4506886291,,,,,school,,,Գոհար
43.826486,40.8267022,4511792589,,,,,school,,,Ֆոտոն վարժարան
44.441675,40.8326352,4512512889,,,,,school,,,Մ. Խորենացու անվան թ.17 դպրոց
44.8326866,40.7454112,4515162091,,,,,school,,,Վախթանգ Անանյանի միջնակարգ դպրոց
44.4511989,40.2341354,4528931489,,,,,school,Քասախ,,N1 դպրոց
44.5692481,40.1729604,4534061715,,,,,school,,,Անթիկյան Կրթարան
44.4735081,40.1195204,4548331019,,,,,school,,,Դպրոց  թիվ 140
44.4750718,40.1201584,4548331020,,,,,kindergarten,,,Kindergarten N131
44.4741317,40.121112,4548331021,,,,,school,,,Դպրոց թիվ 98
43.8317815,40.7956754,4549374241,,,,,school,,,Gyumri 4 school
43.8136895,40.8151197,4550800890,,,,,school,,,N23 հիմնական դպրոց
44.0750965,40.6608551,4575757293,,,,,school,,,Ռ.Հարությունյանի անվան միջն. դպրոց
44.5669833,40.1716296,4575837591,,,,,kindergarten,,,Մանկապարտեզ # 197
44.4477682,40.2355655,4595828689,,,,,kindergarten,Քասախ,,Արուսյակ մանկապարտեզ
44.4407804,40.1712912,4596746491,,,,,kindergarten,,,№76 ՄԱՆԿԱՊԱՐՏԵԶ
44.4462178,40.1628476,4608415813,,,,,kindergarten,,,հ 77 « Երեւանի ՆՈՒՀ »
44.5192186,40.161554,4616319893,,,,,school,Երևան,,Մարքեթինգի Միջազգային Դպրոց
44.6428439,40.4022774,4621944991,,,,,kindergarten,,,
44.6355356,40.4011815,4621944992,,,,,school,Չարենցավան,,Չարենցավանի Թիվ 3 Հիմնական Դպրոց
44.644536,40.4047956,4621951690,,,,,school,,,ՉԱՐԵՆՑԱՎԱՆԻ Մ. ՄԱՇՏՈՑԻ ԱՆՎԱՆ ԱՎԱԳ ԴՊՐՈՑ
44.4975191,40.2010522,4622570066,,,,,kindergarten,,,Kindengarten No 234
44.2879519,40.1638556,4622953392,,,,,school,,,Հ. ՀՈՎՀԱՆՆԻՍՅԱՆԻ ԱՆՎԱՆ ԹԻՎ 3 ՀԻՄՆԱԿԱՆ ԴՊՐՈՑ
43.8410672,40.7873746,4638407105,,,,,school,,,Գեղագիտության ազգային կենտրոնի գյումրու մասնաճյուղ
45.1280876,40.2825501,4642124391,,,,,school,,,
44.4799642,40.8218204,4649633991,,,,,kindergarten,,,Մանկապարտեզ
44.5739644,40.2040018,4662784322,,,,,college,,,ԵՐԵՎԱՆԻ ՏԱՐԱԾԱՇՐՋԱՆԱՅԻՆ ԹԻՎ 2 ՊԵՏԱԿԱՆ ՔՈԼԵՋ
44.5458271,40.1863095,4665610662,,,,,school,,,Music School
44.5436532,40.1880952,4665610663,,,,,college,,,ՕԼԻՄՊՈՍ ԿՐԹԱՀԱՄԱԼԻՐ - ԱՎԱԳ ԴՊՐՈՑ
44.5430255,40.186329,4665610664,,,,,kindergarten,,,Kindergarten No57
44.5234777,40.1861016,4668675377,,,,,university,Երևան,,Զբոսաշրջություն եւ Սպասարկման Ռուսաստանի պետական համալսարան Երեւանի մասնաճյուղ
44.4900022,40.2166734,4671190960,,,,,kindergarten,,,Kindergarten No 219
44.5700391,40.2222682,4672460098,,,,,kindergarten,,,Մանկապարտեզ
44.5742583,40.2223086,4672576167,,,,,kindergarten,,,
44.5700295,40.1722323,4673162718,,,,,school,,,Երևանի Թիվ 198 Ավագ Դպրոց
44.5226899,40.1985886,4679986205,,,,,kindergarten,,,Kindergarten No135
44.5947987,40.1852095,4681609186,,,,,kindergarten,,,
44.5152568,40.1574254,4684069551,,,,,school,,,№16 ԱՎԱԳ ԴՊՐՈՑ ԱՎԵՏԻՔ ԻՍԱՀԱԿՅԱՆԻ ԱՆՎԱՆ
44.5166622,40.1577001,4684069553,,,,,school,,,Վարդանանք կրթահամալիր
44.0771508,40.6602668,4684581789,,,,,kindergarten,,,
44.4980271,40.1719496,4685638374,,,,,school,,,Թիվ 81 Դպրոց
44.4498418,40.1575406,4693664887,,,,,college,,,ՀՀ ՈՍՏԻԿԱՆՈՒԹՅԱՆ ԿՐԹԱՀԱՄԱԼԻՐ
44.6432616,40.2755101,4709353889,,,,,school,,,
44.5599989,40.188739,4719205691,,,,,school,,,Թիվ 163 միջն դպրոց
44.5821349,40.2994195,4719658189,,,,,school,Նոր Հաճն,,Nor Hach music school
44.5264957,40.1831814,4727738059,,,,,university,Երևան,,Innovative Solutions and Technologies Center - ISTC
44.5120457,40.2009364,4728290770,,,,,school,,,ԴՊՐՈՑ ԹԻՎ 151 ՌՈՒԲԵՆ ՍԵՎԱԿԻ ԱՆՎԱՆ
44.527026,40.1761311,4738018121,,,,,school,,,Հայաստնի Բարմենների Ասոցացիա
44.519106,40.1889938,4741005333,,,,,school,,,ԵՐԵՎԱՆԻ ԹԻՎ 2 ՀԻՄՆԱԿԱՆ ԴՊՐՈՑ ԽԱՉԱՏՈՒՐ ԱԲՈՎՅԱՆԻ ԱՆՎԱՆ
45.354884,40.5922922,4753034324,,,,,school,,,
45.3486563,40.6125707,4753118359,,,,,school,,,
45.1109024,40.6498763,4754205507,,,,,school,,,
45.1170169,40.6711021,4754212347,,,,,school,,,
46.4108147,39.2039777,4755493722,,,,,kindergarten,,,Կապանի թիվ 1 ՆՈւՀ
44.5356876,39.9614954,4779457921,,,,,kindergarten,,,Թիվ 1 Մանկապարտեզ
44.5378069,40.174754,4793870628,,,,,kindergarten,Երևան,,Kindergarten No124
44.4192491,40.1903639,4794782122,,,,,kindergarten,,,
44.4247401,40.1867052,4794782322,,,,,kindergarten,,,Թիվ 80 Մանկապարտեզ
44.5624649,40.2167654,4798478795,,,,,university,,,ՀՀ ԱԻՆ ճգնաժամային կառավարման պետական ակադեմիա
44.5630985,40.2198589,4801780188,,,,,university,,,ԱՎԱՆԴԱԿԱՆ ԲԺՇԿՈՒԹՅԱՆ ՀԱՄԱԼՍԱՐԱՆ
44.4187538,40.2472235,4851040511,,,,,school,,,Պռոշյանի միջնակարգ դպրոց
44.6293998,40.2719507,4857666121,,,,,school,,,Թիվ 4 ավագ դպրոց
44.490305,40.1567192,4884976922,,,,,kindergarten,,,Մանկապարտեզ #137
44.8679913,40.5414776,4887717621,,,,,school,,,
44.5093431,40.1531321,4892607421,,,,,kindergarten,,,
45.3964627,40.5766,4895455128,,,,,school,,,
44.5205866,40.0424913,4897098926,,,,,school,,,Նվեր Սարգսյանի անվան հիմնական դպրոց
44.6411804,40.4000573,4897223921,,,,,school,,,Չարենցավանի երաժշտական դպրոց
44.8710331,40.5398771,4900338121,,,,,kindergarten,,,
43.7299988,40.4632815,4914541421,,,,,school,,,
44.4970093,40.1930029,4935375421,,,,,school,Երևան,,Հակոբ Օշականի անվան թիվ 172 դպրոց
44.5068276,40.2257601,4935375521,,,,,school,,,
46.2136596,38.9703116,4936969702,,,,,school,,,
46.2003578,39.1567725,4938169642,,,,,school,,,
44.6603561,41.0935632,4940680121,,,,,kindergarten,,,
44.6583275,41.0917904,4940952123,,,,,school,,,
44.4033894,40.4779302,4955532022,,,,,kindergarten,,,Մանկապարտեզ
44.4033828,40.4789806,4955532521,,,,,school,,,Դպրոց
44.1832142,40.0338551,4966183021,,,,,school,,,
44.5161052,40.142463,4975434860,,,,,school,Երևան,,Փրոդիջի Քիդս
44.491281,40.1999454,4990953534,,,,,university,,,Yerevan Scientific Research Institute of Mathematical Machines
44.5044391,40.1652832,5009278264,,,,,school,,,Թիվ 13 Դպրոց Թելմանի անվան
44.5229236,40.1748054,5018473374,,,,,university,Երևան,,Northern University
44.4711915,40.1936132,5024417424,,,,,school,,,Պեյո Յավորովի անվան թիվ 131 միջնակարգ դպրոց
44.4421265,40.1760913,5031517922,,,,,school,,,Ալեքսանդր Աճեմյանի անվան երաժշտական դպրոց
44.6570626,41.002984,5062045222,,,,,school,,,Դպրոց
44.577224,40.2175669,5106604979,,,,,kindergarten,Երևան,,Նյուտոնիկ
43.9726567,40.6584292,5107214521,,,,,school,,,Փանիկի միջնակարգ դպրոց
44.5880855,39.9936467,5109657322,,,,,school,,,Վերին Արտաշատի միջնակարգ դպրոց
44.4938139,40.8049183,5118969921,,,,,college,,,Լոռու տարածաշրջանային պետական քոլեջ
44.5225374,40.1840283,5151362124,,,,,college,,,
44.4474969,40.2235281,5160209121,,,,,school,,,
44.0200156,40.8398276,5162870330,,,,,school,,,Խնկոյան
44.5393738,39.9543598,5166439722,,,,,college,Արտաշատ,,Արարատի տարածաշրջանային պետական Քոլեջ
44.6457975,41.0942086,5202145324,,,,,school,,,dzissen kempo
44.663817,41.098199,5202308122,,,,,school,,,
44.4522396,40.1972904,5202320425,,,,,kindergarten,,,Детский сад № 45
44.5134823,40.2098669,5202320426,,,,,college,,,Երևանի ինֆորմատիկայի պետական քոլեջ
44.6396011,41.0857294,5202426431,,,,,school,,,
44.8407526,41.1460177,5202431121,,,,,school,,,
44.5677675,40.199405,5202844322,,,,,school,Երևան,,Հայկանուշ Դանիելյանի անվան արվեստի դպրոց
44.5057383,39.9805465,5216776022,,,,,school,,,Ազատավանի միջնակարգ դպրոց
44.7574604,39.923075,5224379621,,,,,school,,,Դպրոց
44.8231886,39.9183129,5224379921,,,,,school,,,Դպրոց
46.4033564,39.2071093,5237693849,,,,,college,,,College Aft. Romanos Melikyan
46.4078709,39.2064529,5237834011,,,,,kindergarten,,,Kindergarten N9
46.4072792,39.2059607,5237834016,,,,,university,,,
46.4089825,39.2053722,5237834017,,,,,school,Կապան,,School Number 7 Aft. Andranik Margaryan
46.4124731,39.2055314,5237839695,,,,,college,,,
46.4035152,39.2127123,5243824417,,,,,school,,,ԿԱՊԱՆԻ ԹԻՎ 1 ՀԻՄՆԱԿԱՆ ԴՊՐՈՑ
46.1665241,39.1503017,5247592421,,,,,kindergarten,,,
46.3433978,39.504258,5269850983,,,,,school,,,School N 4
46.3432717,39.5047485,5269850984,,,,,kindergarten,,,Kindergarten No 2
44.2934121,40.1584623,5274232457,,,,,school,,,Հրաչ և Սյուզան Թուֆաեան հայորդեաց տուն
46.3327436,39.2275727,5298212022,,,,,school,,,
43.8452438,40.7913498,5302370128,,,,,school,,,Շախմատի դպրոց
44.5142629,40.190004,5311153921,,,,,kindergarten,Երևան,,
44.5042853,40.797543,5325110570,,,,,school,,,Թիվ 9 Դպրոց  Խ․ Աբովյանի անվան
44.4504135,40.8358985,5325546380,,,,,school,,,School Number 27 AFT Ghevong Alishan
44.4518082,40.8356997,5325546381,,,,,school,,,School Number 16 AFT D. Varuzhan
44.4887522,40.1989412,5373369523,,,,,college,Երևան,,Հայաստանի Ստարթափ Ակադեմիա
44.6453426,40.264612,5397899221,,,,,college,,,Վարդան
44.579267,40.2198284,5401872721,,,,,school,,,Ավանի Շախմատի Դպրոց
44.5182792,40.1682545,5420708424,,,,,school,,,
44.2912315,40.165545,5429172321,,,,,school,,,Մեսրոպ Մաշտոցի անվան 1-ին դպրոց
44.2811393,40.1589635,5448933324,,,,,kindergarten,,,Թիվ 5 Մանկապարտեզ
44.5005928,40.182648,5453474423,,,,,school,,,Թիվ 23 Դպրոց Շոթա Ռուսթավելու անվան
43.9687872,40.6160822,5454625327,,,,,school,,,Նկարչական դպրոց
43.9684948,40.6161305,5454625328,,,,,school,,,Երաժշտական դպրոց
44.4841295,40.3216127,5467851924,,,,,school,,,ԵՂՎԱՐԴԻ ԹԻՎ 2 ՀԻՄՆԱԿԱՆ ԴՊՐՈՑ ՀԱՄԼԵՏ ԹԱԴԵՎՈՍՅԱՆԻ ԱՆՎԱՆ
44.4774618,40.3145124,5476434800,,,,,school,,,ԵՂՎԱՐԴԻ ԹԻՎ 1 ԱՎԱԳ ԴՊՐՈՑ
44.4943417,40.8069813,5480947205,,,,,school,,,Գրիբոյեդովի անվ. թիվ 11 դպրոց
44.5310589,40.2463776,5481211021,,,,,school,,,
44.5364098,40.2462261,5481211621,,,,,college,,,Արվեստի Դպրոց
44.8343296,40.7397149,5498078418,,,,,college,,,UWC Dilijan College
44.1596522,40.1435513,5528924751,,,,,school,,,
44.6341007,40.2763175,5537595229,,,,,school,Աբովյան,,Վ.Համբարձումյանի անվան թիվ 10 դպրոց
43.8265673,40.8014129,5559372466,,,,,school,,,Թիվ 38   հիմնական դպրոց
44.5426576,40.2206283,5562963733,,,,,school,,,Children's Developmental Center NANI
43.8312829,40.8305115,5582679609,,,,,university,,,Շիրակի Մ. Նալբանդյանի անվան պետական համալսարան
43.8436004,40.8018482,5582745682,,,,,kindergarten,,,Լապտերիկ Մանկապարտեզ
44.2919746,40.1717027,5585733112,,,,,university,,,Գրիգոր Լուսավորիչ Համալսարան
44.6421454,40.4041897,5590974270,,,,,kindergarten,,,
43.8353527,40.7802153,5600680821,,,,,school,,,
44.5144869,40.1899859,5616543848,,,,,kindergarten,,,"""Arevatsaghik"""
45.0319815,40.7890923,5647109222,,,,,school,,,Հովքի միջնակարգ դպրոց
44.5632228,40.1968043,5648352321,,,,,kindergarten,,,Մանկապարտեզ
44.2802703,40.1658805,5652041022,,,,,school,,,Ներսիսյան վարժարան
44.395599,41.0098418,5675305394,,,,,school,,,Ճգնաժամային կառավարման ակադեմիա
44.5210942,40.1665037,5676072827,,,,,kindergarten,,,Վիննի պուխ և ընկերներ
44.442415,40.1713287,5716139821,,,,,school,,,
44.4412634,40.169395,5716146021,,,,,school,,,Daniel's school
45.8607369,40.1555954,5732156876,,,,,school,,,
44.4867352,40.5766017,5736595321,,,,,school,,,Յուրիկ Հովհաննիսյանի անվան դպրոց
44.5572108,40.2187259,5738032122,,,,,kindergarten,,,Սիթիզեն
43.7898678,40.9590949,5746628854,,,,,school,,,
44.4900747,40.1985362,5791867853,,,,,college,Երևան,,Դասարան
44.5218196,40.1878777,5827700685,,,,,kindergarten,,,Բեյբիս հոմ
44.4766284,40.3086444,5830741285,,,,,school,,,3 dproc
44.510631,40.1722868,5840226887,,,,,school,,,Ջիվանու Անվան Աշուղական Դպրոց
44.5487912,39.9544883,5858298301,,,,,school,Արտաշատ,,Արտադպրոցական աշխատանքների կենտրոն
44.4949711,40.1549212,5871850785,,,,,kindergarten,,,Մանկապարտեզ թիվ 141
45.4481809,41.0281758,5875529280,,,,,school,,,Tatli Kend Mektebi
45.9981573,39.560739,5895911885,,,,,school,,,
44.5104575,40.1543656,5955680486,,,,,school,,,4 գագաթ
44.308444,40.250742,5972433885,,,,,school,,,
44.8606633,40.738163,5974960919,,,,,college,,,"ԵՐԵՎԱՆԻ ԳԵՂԱՐՎԵՍՏԻ ՊԵՏԱԿԱՆ ԱԿԱԴԵՄԻԱ, ԴԻԼԻՋԱՆԻ ՄԱՍՆԱՃՅՈՒՂ"
44.5771314,40.2174822,5981514794,,,,,school,Երևան,,Օհանյան կրթահամալիր
44.2983817,40.1495035,6002368586,,,,,school,,,Վաղարշապատի ֆուտբոլի ակադեմիա
44.580367,40.3011561,6014601388,,,,,school,,,Նոր  Հաճընի թիվ 2 ավագ դպրոց
44.5821677,40.3019774,6014601485,,,,,school,,,
44.5798629,40.3006644,6014601585,,,,,school,,,Նոր  Հաճընի թիվ 3 դպրոց
44.2895623,40.1636074,6022892211,,,,,college,,,
44.6288624,40.2683523,6032622585,,,,,kindergarten,,,Մանկապարտեզ
44.5254933,40.1824166,6045583258,,,,,university,Երևան,,Աշխարհագրության և երկրաբանության ֆակուլտետ
44.4520477,40.1319595,6067111105,,,,,school,,,Երևանի թիվ 99 Միջնակարգ Դպրոց
44.5834931,40.3037375,6068455601,,,,,school,,,Նոր Հաճն-ի թիվ 1 հիմնական դպրոց
44.486117,40.194359,6088012625,,,,,kindergarten,,,Վոզնի
44.4339468,40.1704726,6106199276,,,,,kindergarten,,,"""Մխիթար Սեբաստացու"" Կրթահամալիր"
44.3872253,41.0094568,6147242401,,,,,school,,,Հովհաննես Թումանյանի անվան թիվ 1 դպրոց
44.9558112,40.5491892,6147794447,,,,,kindergarten,,,Հեքիաթ Մանկապարտեզ
44.512679,40.1839468,6151652029,,,,,kindergarten,Երևան,,Gitun plus child development center
43.9161985,40.1788196,6159981285,,,,,school,,,Արայի անվան միջնակարգ դպրոց
44.5715931,40.2031434,6180377285,,,,,school,,,«Էլիտա» դպրոց
43.8134803,40.8151737,6208099389,,,,,school,,,
45.122639,40.3520048,6235508811,,,,,school,,,
45.1202233,40.3504773,6235508812,,,,,school,,,
43.9598385,40.4120064,6235730688,,,,,school,,,
44.5695033,40.2034867,6245969685,,,,,kindergarten,Երևան,,Արուսյոն
44.5718444,40.203232,6245979085,,,,,kindergarten,,,Արուսյոն
44.5064525,40.1731923,6279193907,,,,,school,Երևան,,Գլոբալ Բրիջ
43.8638281,40.5076243,6317548575,,,,,school,Լանջիկ,,Lanjik Secondary scholls
44.0938995,40.0969499,6321508493,,,,,kindergarten,,,mankapartez
44.0949229,40.0981628,6321516955,,,,,school,,,dproc
44.055567,40.111005,6321540402,,,,,school,,,dproc
44.0520228,40.1078566,6321572859,,,,,kindergarten,,,mankapartez
45.3949079,40.8868825,6331417825,,,,,school,,,school N3
43.9308013,40.0571334,6332448855,,,,,school,,,Շենավանի միջնակարգ դպրոց
44.6389545,40.3986552,6332457156,,,,,kindergarten,,,
44.7919488,40.5675298,6332457185,,,,,school,Զովաբեր,,Եղիշե Չարենցի անվան դպրոց
46.1987081,38.8628003,6332458215,,,,,school,,,DPROCI
45.3025397,40.1386585,6332469742,,,,,college,,,Մարտունու պետական քոլեջ
44.7907322,40.5648968,6332475758,,,,,kindergarten,Զովաբեր,,մանկապարտեզ
45.3140864,40.1388587,6332481745,,,,,school,,,
43.9469554,40.0458531,6332484802,,,,,school,,,eco dproc
43.9053363,40.0409747,6332490417,,,,,school,,,dproc
45.313244,40.1378746,6332499093,,,,,college,,,
45.3014075,40.1369579,6333235307,,,,,school,,,
45.3025656,40.1478493,6334172308,,,,,college,,,Մարտունու բժշկական քոլեջ
45.3091825,40.1439958,6346628499,,,,,kindergarten,,,
45.3131133,40.1367926,6346638241,,,,,kindergarten,,,
44.1361635,40.2230268,6349437613,,,,,school,,,NOR EDESIAI MIJNAKARG DPROC
44.1818585,40.2613558,6349473580,,,,,school,,,dproc
43.7085167,40.5946215,6349482819,,,,,school,,,Աղինի միջնակարգ դպրոց
46.2265609,39.4348502,6352972499,,,,,school,,,
44.6366856,40.2040857,6353788751,,,,,kindergarten,,,
43.866817,40.5774434,6353800644,,,,,school,,,N2 school
44.5101837,40.1673725,6369940685,,,,,school,Երևան,,Հայ-Ֆրանսիական դպրոց
44.4801289,40.1964663,6383644177,,,,,school,Երևան,,Tumo Center for Creative Technologies
44.6292907,41.08616,6394454894,,,,,school,,,
44.8723794,40.7434801,6397141935,,,,,school,,,Tumo Center for Creative Technologies
45.7458642,40.1866114,6399314743,,,,,kindergarten,,,
45.7459876,40.18839,6399314744,,,,,school,,,Վարդենիսի թիվ 3 հիմնական դպրոց
44.8550405,40.7372574,6399369413,,,,,school,Dilijan,,Sport School
44.850594,40.7394908,6399369414,,,,,school,,,Թիվ 2 դպրոց
44.5182806,40.1652503,6402252986,,,,,school,,,Թիվ 33 Հիմնական Դպրոց Մ․Նալբանդյանի անվան
43.8626825,40.8074988,6411986245,,,,,school,Գյումրի,,School N31
43.8536858,40.786938,6412121675,,,,,school,Գյումրի,,school N10
43.8436352,40.8068632,6412143897,,,,,kindergarten,,,
43.8466284,40.7918849,6412322862,,,,,university,Գյումրի,,Անանիա Շիրակացու անվան համալսարան
43.8478317,40.7925966,6412322863,,,,,university,Գյումրի,,Պրոգրես
43.8241558,40.8313593,6412364382,,,,,kindergarten,,,<<Հուսո Առագաստ>> (27) նախակրթարան
43.8568052,40.7783425,6414293250,,,,,school,Գյումրի,,School N18
43.8257945,40.8278838,6416304779,,,,,school,,,<<Ընտանիք>> կենտրոն
44.567147,40.2203068,6421566386,,,,,college,,,Երեվանի պետական ֆինանսատնտեսագիտական քոլեջ
44.5608578,40.1709302,6431425580,,,,,school,Երևան,,Երևանի թիվ 197 միջնակարգ դպրոց
44.732767,40.1224397,6441504042,,,,,school,,,Գառնիի թիվ 1 Հիմնական դպրոց
44.731781,40.117303,6441504043,,,,,school,,,Գառնիի թիվ 2 Հիմնական դպրոց
43.835893,40.7941375,6461371985,,,,,kindergarten,,,
44.4956431,40.1503779,6520697185,,,,,kindergarten,,,Տոպ Տոպիկ
44.5681261,40.2040165,6550731113,,,,,kindergarten,,,Մանկապարտեզ
44.5328149,40.2064106,6564773787,,,,,college,Երևան,,Հայորդաց տուն
44.3758714,40.1546463,6566604856,,,,,school,,,
46.3183942,39.5321456,6603837348,,,,,school,,,
44.574462,40.1901907,6612837011,,,,,kindergarten,,,Մանկապարտեզ թիվ 108
44.5169182,40.1871311,6632971852,,,,,university,,,Երևանի Կոմիտասի անվան պետական կոնսերվատորիա
45.043671,40.5119491,6655855858,,,,,school,,,Coworking Space #SSS2019
45.0430971,40.5125947,6655867672,,,,,school,,,Big Auditorium #SSS2019
45.0437513,40.5117242,6655916719,,,,,school,,,Open air auditorium 1 #SSS2019
45.0427942,40.5116787,6655919812,,,,,school,,,Open air auditorium 3 #SSS2019
45.0432647,40.5117287,6655926385,,,,,school,,,Open air auditorium 2 #SSS2019
44.5278617,40.7958314,6682008185,,,,,school,,,Վ.համբարձումյանի 25
44.5331536,40.1936578,6687621320,,,,,university,,,Արտաքին տնտեսական կապերի համալսարան
45.1090366,40.6473747,6691877847,,,,,kindergarten,,,Kalavan kindergarten
44.5256151,40.2004828,6736168565,,,,,school,,,Երևանի Պետական Հումանիտար-Տեխնիկական Քոլեջ
44.5279053,40.205797,6742063252,,,,,kindergarten,,,Թիվ 155 Մանկապարտեզ
44.3016587,40.1656295,6745399790,,,,,kindergarten,,,6 Արևիկ մանկապարտեզ
44.5062289,40.1782883,6751699485,,,,,college,,,
44.5247933,40.2157212,6754152329,,,,,school,,,Թիվ 37 դպրոց
44.5187239,40.2067407,6758837385,,,,,school,,,Մեհրաբյան կրթօջախ
44.4918266,40.2002832,6768500820,,,,,kindergarten,,,Smart Start
44.4961728,40.1976845,6769694380,,,,,kindergarten,,,Montessori City
46.3146895,39.4379614,6798215503,,,,,school,,,Շինուհայրի միջնակարգ դպրոց
44.4907834,40.2005444,6812082936,,,,,school,Երևան,,"""Armath"""
44.4936504,40.1735505,6819076938,,,,,school,Երևան,,Երեվանի թիվ 80 հիմնական դպրոց Վաղարշ Վաղարշյանի անվան
44.453877,40.1932392,6853942561,,,,,kindergarten,,,Մանկապարտեզ թիվ 243
44.5532783,40.2225208,6900016998,,,,,university,,,Տերնոպիլի ազգային տնտեսական համալսարանի Երևանյան մասնաճյուղ
43.9696903,40.6209133,6913205685,,,,,college,,,Արթիկի հատուկ բժշկական քոլեջ
46.2458257,39.3838073,6917398464,,,,,school,,,Ս․ Առաքելյանի անվ․ Տաթևի միջնակարգ դպրոց
45.5062928,39.6366212,6919654633,,,,,school,,,Զառիթափի Ա. Մելիքյանի անվան միջնակարգ դպրոց
45.505388,39.6306726,6919930972,,,,,kindergarten,,,
44.5614701,40.1766848,6929715185,,,,,kindergarten,,,մութ մնգք
44.4673629,40.0868846,6938311529,,,,,kindergarten,,,Toy-Toy Richo Child Development Center
45.8871445,39.6444224,6938746008,,,,,school,,,Սառնակունքի դպրոց
46.4727286,39.2035191,6953538623,,,,,school,,,
43.8423768,40.7989687,6959751855,,,,,school,Գյումրի,,Օյունջյան Միջնակարգ Դպրոց
44.5478591,40.2095116,7004917285,,,,,school,,,Երևանի թիվ 136 դպրոց
44.5183172,40.8009315,7138352010,,,,,school,,,Ծովակալ Իսակովի անվան թիվ 23 դպրոց
44.4917013,40.8127024,7138422834,,,,,school,,,Ստեփան Շահումյանի անվան թիվ 6 դպրոց
43.9419204,40.587713,7156719986,,,,,kindergarten,,,ՄԱՆԿԱՊԱՐՏԵԶ
43.9379725,40.5868832,7156720085,,,,,school,,,Պեմզաշենի միջնակարգ դպրոց
44.5237641,40.2071932,7193000785,,,,,kindergarten,,,Մանկապարտեզ թիվ 5
44.5266406,40.1865348,7369486588,,,,,school,,,Հրաչյա Աճառյանի անվան թիվ 72 դպրոց
44.5270054,40.1861721,7369486589,,,,,university,,,Մաշտոց համալսարան
44.5276438,40.1760838,7369486594,,,,,school,,,
44.5275338,40.1749443,7369486604,,,,,school,,,Խրիմյան Հայրիկի անվան  թիվ 10 հիմնական դպրոց
44.5274721,40.1747578,7369486613,,,,,school,,,"""Սլավոնական"" Միջնակարգ դպրոց"
44.526341,40.1822083,7370668924,,,,,university,,,Իրավագիտության ֆակուլտետ
44.5263538,40.181338,7370668925,,,,,university,,,Սոցիոլոգիայի և ինֆորմատիկայի ֆակուլտետ
44.5460033,40.2018905,7441004150,,,,,university,,,Ինֆորմատիկայի և վիճակագրության ֆակուլտետ
44.5456291,40.2004994,7441004155,,,,,kindergarten,,,Թիվ 151 մանկապարտեզ
44.4868807,40.1924659,7448826653,,,,,university,,,ՀՀ պետական կառավարման ակադեմիան
44.4748862,40.210737,7469512392,,,,,university,,,Երևանի գյուղատնտեսական համալսարան
44.4776806,40.1524837,7528462119,,,,,kindergarten,,,Թիվ 132 Մանկապարտեզ
44.5185763,40.1798345,7660093796,,,,,kindergarten,,,Թիվ 5 Երևանի մանկապարտեզ
44.5214004,40.1696047,7660823602,,,,,school,,,Թիվ 40 Դպրոց Շավարյանի անվան
44.3323969,40.1457948,7682313287,,,,,school,,,
44.5225268,40.1810076,7759922886,,,,,college,Երևան,,Կանա հոգեբանական կենտրոն
44.5013269,40.1925483,7760241685,,,,,school,,,ՏԻ ՎԻ իդեալ
44.4658747,40.1683171,7780322752,,,,,school,,,Թիվ 152 դպրոց
44.4931538,40.8092673,7831312589,,,,,school,,,Թիվ 20 Դպրոց
44.4930769,40.812233,7831312629,,,,,kindergarten,,,Մանկապարտեզ
44.9579371,40.5478529,7835355820,,,,,college,,,Սևանի քոլեջ
45.75989,39.6848335,7841953919,,,,,school,,,
45.2791733,40.9955461,7846590269,,,,,school,,,
45.457191,40.1587061,7877649827,,,,,school,,,Ծովինարի Դպրոոց
45.2905416,40.116795,7877791350,,,,,school,,,
45.3040464,40.1475512,7911870122,,,,,school,,,Մարտունու Ավագ դպրոց
44.5091016,40.1807828,7935284103,,,,,kindergarten,,,Թիվ 10 մանկպարտեզ
44.505396,40.2123481,7945504296,,,,,college,,,Օստրովսկու անվան Երևանի Պետական Հումանիտար Քոլեջ
45.4262115,40.1397072,7972425187,,,,,school,,,Արտակ Օհանյանի անվան դպրոց
44.5692216,40.1811132,8097744117,,,,,school,,,
45.1467133,40.8799941,8129671217,,,,,school,,,
44.5109293,40.1537282,8244367175,,,,,kindergarten,,,ԹԻՎ 63 ՄԱՆԿԱՊԱՐՏԵԶ
44.567659,40.1811959,8285839217,,,,,school,,,
44.592028,40.187082,8316727542,,,,,school,,,
44.5297889,40.2063986,8319655918,,,,,college,,,Երևանի զարդարվեստի պետական ուսումնարան
43.7348598,40.2734588,8326868280,,,,,school,,,
43.8171609,40.2475936,8329495456,,,,,school,,,
44.4645216,40.2077634,8330148455,,,,,kindergarten,,,
46.3923293,39.2841285,8361390755,,,,,school,,,
46.3717353,39.3092133,8381058193,,,,,school,,,
46.3565594,39.2818613,8386530906,,,,,school,,,
44.4415315,40.0628832,8618254918,,,,,school,Մասիս,,CoderX ծրագրավորման
44.4886605,40.2008992,8697285118,,,,,kindergarten,,,
44.4665237,40.1706067,8720489783,,,,,kindergarten,,,Մանկապարտեզ թիվ 81
44.5121334,40.1757008,8752534017,,,,,school,,,
44.5151488,40.2091669,8930409735,,,,,school,,,School No 82
44.51602,40.2091111,8930409744,,,,,school,,,Yerevan special school № 14 named after Nikoghayos Tigranyan for Children With Visual Impairments
44.5023611,40.1573131,9180404215,,,,,college,,,Ереванский государственный художественный колледж имени Фаноса Терлемезяна
44.5255741,40.1811408,9190602693,,,,,university,,,ԵՊՀ ֆիզիկայի ֆակուլտետ
44.5260657,40.1811644,9190602694,,,,,university,,,ԵՊՀ մաթեմատիկայի և մեխանիկայի ֆակուլտետ
44.5263985,40.1811597,9190602695,,,,,university,,,ԵՊՀ ինֆորմատիկայի և կիրառական մաթեմատիկայի ֆակուլտետ
44.5262143,40.1818177,9190602696,,,,,university,,,Երեւանի Պետական ​​Համալսարան
44.5263639,40.1824288,9190602697,,,,,university,,,ԵՊՀ միջազգային հարաբերությունների ֆակուլտետ
44.5259695,40.1823947,9190602698,,,,,university,,,ԵՊՀ դեղագործության և քիմիայի ֆակուլտետ
44.6408699,40.275148,9258086517,,,,,college,,,Աբովյանի պետական էներգետիկական քոլեջ
44.4368072,40.1411709,9260680759,,,,,school,,,Երեւանի Հովհաննես Շիրազի անվան թիվ 169 հիմնական դպրոց
